{"state":{"isStdOutTTY":true,"isStdErrTTY":true,"testRunDurationMs":2453.4631},"metrics":{"vus":{"type":"gauge","contains":"default","values":{"value":10,"min":10,"max":20}},"data_sent":{"type":"counter","contains":"data","values":{"count":13840,"rate":5641.005972333556}},"http_req_sending":{"values":{"avg":0.9281433333333332,"min":0,"med":0.0794,"max":5.5074,"p(90)":3.8836800000000022,"p(95)":5.4018},"type":"trend","contains":"time"},"http_req_failed":{"type":"rate","contains":"default","values":{"rate":0,"passes":0,"fails":30}},"data_received":{"values":{"count":48003,"rate":19565.40532441674},"type":"counter","contains":"data"},"vus_max":{"contains":"default","values":{"value":20,"min":20,"max":20},"type":"gauge"},"iterations":{"values":{"rate":12.227614101879094,"count":30},"type":"counter","contains":"default"},"http_req_waiting":{"values":{"min":65.5927,"med":229.61284999999998,"max":260.8627,"p(90)":253.88029,"p(95)":258.82579,"avg":192.38697666666673},"type":"trend","contains":"time"},"http_req_blocked":{"type":"trend","contains":"time","values":{"avg":43.87884999999999,"min":0,"med":50.01065,"max":113.2237,"p(90)":90.93170000000002,"p(95)":104.6207}},"http_req_receiving":{"type":"trend","contains":"time","values":{"min":0,"med":10.189250000000001,"max":30.4912,"p(90)":25.1604,"p(95)":25.60389,"avg":12.086850000000002}},"http_req_duration{expected_response:true}":{"type":"trend","contains":"time","values":{"min":84.5265,"med":236.81810000000002,"max":285.6079,"p(90)":261.86977,"p(95)":265.18581,"avg":205.40196999999998}},"iteration_duration":{"type":"trend","contains":"time","values":{"max":1363.3643,"p(90)":1335.37838,"p(95)":1343.79908,"avg":1254.0439333333338,"min":1094.1487,"med":1306.0532}},"http_reqs":{"type":"counter","contains":"default","values":{"count":30,"rate":12.227614101879094}},"http_req_duration":{"type":"trend","contains":"time","values":{"p(90)":261.86977,"p(95)":265.18581,"avg":205.40196999999998,"min":84.5265,"med":236.81810000000002,"max":285.6079}},"http_req_connecting":{"type":"trend","contains":"time","values":{"avg":0.7418799999999999,"min":0,"med":0.49915,"max":2.2226,"p(90)":1.7234,"p(95)":1.8752549999999992}},"checks":{"type":"rate","contains":"default","values":{"rate":1,"passes":30,"fails":0}},"http_req_tls_handshaking":{"type":"trend","contains":"time","values":{"med":47.33715,"max":110.0956,"p(90)":88.15717000000002,"p(95)":100.81996999999998,"avg":41.560860000000005,"min":0}}},"root_group":{"path":"","id":"d41d8cd98f00b204e9800998ecf8427e","groups":[],"checks":[{"path":"::status was 200","id":"1461660757a913d4fb82ac4c5e1009de","passes":30,"fails":0,"name":"status was 200"}],"name":""},"options":{"summaryTrendStats":["avg","min","med","max","p(90)","p(95)"],"summaryTimeUnit":"ms","noColor":false}}